Temperature,Vibration,Pressure,RPM,Operating_Hours,Machine_Failure
77.45071229516849,0.7798710873172005,106.49643450051236,2046.0962210613045,1019,0
67.92603548243223,0.6849267365825538,117.10962658568964,2569.8074946102493,169,0
79.71532807151038,0.5119260739840348,104.15160158000077,2793.197233289178,4024,1
92.84544784612038,0.3706126444588852,113.8407694072192,3943.843828670095,2186,1
66.48769937914996,0.639644662722718,82.12770666092429,3278.276562266879,2107,0
66.4879456457623,0.5786970770843499,124.26587414745877,2332.2592154500544,900,0
93.68819223261087,0.6790386440055465,120.02410950724449,3243.0181447088185,2879,1
81.51152093729362,0.6270343603363939,103.65822737863618,2226.3480055308173,855,0
62.95788421097572,0.709910543063867,133.1849133686481,3541.3455269435367,2095,0
78.13840065378947,0.3929529576878864,138.75140275253116,2764.4376740910607,1421,0
63.04873460781307,0.7634788131268652,87.84880271262051,2953.1819056304143,2430,0
63.01405369644615,0.5395199209384799,104.74550442867572,3662.8983237710954,209,0
73.62943407349051,0.9150521745250532,104.61715300425404,2356.418215707875,1116,1
41.30079633013303,0.3621624363820864,101.20193797782271,2301.4409074435043,3965,0
44.12623251230451,0.8471927606330499,136.58949683863497,2708.2003368269975,124,1
61.56568706138541,0.5395821566925295,116.12347722454393,3519.189425509658,2938,0
54.80753319498364,0.3697163992771103,114.70970317378779,2240.3269622615785,837,0
74.71370998892911,0.4032228331891357,79.92275271186493,1583.922200944715,279,0
56.37963886718183,0.435930538361136,132.70836060418452,2774.4205707955007,331,0
48.81544447997062,0.5848331892803833,95.21483210293054,3275.87039995546,2017,0
91.98473153382331,0.6045670976070999,121.19865260532657,3600.1308748694146,442,1
66.61335549270197,0.3852599992122842,125.54753875916384,2768.4193189573007,4672,1
71.01292307031886,0.49512908154780344,147.213171916773,2794.2866964419986,2723,0
48.62877720679815,0.9284540717223727,93.82359201761776,3576.9503671278735,554,1
61.83425913212226,0.8455086340201423,59.60975688358349,2065.1291501522896,4484,1
71.66383884564799,0.5872647339348064,123.6769908950739,2805.7396124084953,4725,1
52.73509633866546,0.5076006956336401,156.01022363021707,3095.211944962529,2376,0
75.63547027518509,0.5240062653436522,144.77892705878875,3224.609360642517,695,0
60.99041965121793,0.6227035945460834,124.19318830549251,2745.0966534045588,3974,0
65.62459375310085,0.29544148696031886,110.16727628735906,3017.2205058529207,4630,1
60.97440081655905,0.44852469251533095,136.1424519327462,1755.8363232935053,4597,1
97.78417276763406,0.16628318522448202,100.52907600591062,2670.875793833076,2769,1
69.79754162893099,0.5798446245210559,129.5271553871244,3226.754356277234,2235,0
54.1343360656615,0.6294391879405482,130.10940318333255,2508.85298287266,4064,1
82.33817368154783,0.4033627075401252,141.2041981499776,3029.4921107947985,1665,0
51.68734525043467,0.8147973526580066,175.19320077822155,3223.436250401349,408,1
73.13295392507133,0.2548468673995318,127.84831934357534,2828.7253995711176,442,0
40.60494814180337,0.20712502395803598,109.82072748585003,3085.2318854982855,535,0
50.07720926652354,0.5448903637119944,119.48851375616012,2518.633717357694,276,0
72.95291853803685,0.7094196605224309,84.61848190221764,2896.6943601519765,238,0
81.07699869993115,0.8367855382915738,106.10573737821883,3305.1080847946114,293,1
72.57052421784955,0.408223147426212,111.81435123773792,3078.4864804842173,3357,0
68.2652757641764,0.7157361666862592,109.51823204130815,2706.734365218032,3335,0
65.48344456616067,0.4922983060998586,123.04709744067443,3112.1082021453967,1042,0
47.82217014448859,0.4654745400118361,103.55160135235599,3357.304895318309,4720,1
59.20233687407937,0.6767319874973344,142.42061334648943,1975.029360711261,3979,0
63.09041843560319,0.6304645756826839,120.00414129836395,3579.5370324779487,3213,0
85.85683339328374,0.18472156860315012,119.81399357722748,2831.872630659464,3062,0
75.15427434352692,0.7953080699451792,113.44210566974164,3212.744966620115,4936,1
43.55439766955899,0.7760182708294904,123.10381367717959,3598.623461822614,1053,0
74.86125954092192,0.3748874596980941,136.5019652933527,2314.163151384767,1402,0
64.22376579375525,0.5791607066874818,102.65739568578199,2645.2794987862267,3481,0
59.84616999541062,0.5988060372565478,106.83767021849486,2855.7256520621477,2980,0
79.17514433261302,0.5521347531647814,113.9254794244667,2608.1232394377857,2287,0
85.46499283743927,0.389938969230916,93.0825815305357,3867.4682879184043,4987,1
83.96920178674299,0.3656753264123897,103.61484280557005,2571.6139530866035,645,0
57.411737151660425,0.49488918580171093,110.47558252910682,2722.226610256567,2027,0
65.36181436223178,0.734545803851873,137.48778361425454,3102.1945158014883,4252,1
74.96895147105346,0.6087200309188865,125.2512265800385,2398.9252369619558,104,0
84.63317690683539,0.4258771335827788,123.8717982273509,2802.159644121868,3581,0
62.81238643232065,0.6543397421296689,137.01795924335946,3158.7266306250876,3353,0
67.21511535004274,-0.06970852412601512,117.25256423201206,2833.5697978087446,1462,0
53.40497538990958,0.7297531400744207,127.80929699857779,2953.3065705500258,1920,0
52.05690063878994,0.15205724424438005,117.93556494135008,2735.3339437758145,2763,0
82.18788733591298,0.4275118117193736,125.30724698799257,2242.7648454096166,3038,0
90.34360042856234,0.27606602107477124,108.34482684776836,3160.796605669619,1373,1
68.91984817629499,0.24106370485581888,71.22365683447141,3877.4665358236207,3426,0
85.05299346838036,0.7321653574757039,117.31441675627391,3009.200815391719,3759,0
75.42454037571451,0.4064597597376217,148.4549627219988,3112.632058623775,3045,0
60.323203680923136,0.5693007763461432,138.52430804483186,3346.36137755843,3118,0
75.4209340826262,0.4906158842241632,139.3079496918234,2365.33475172665,1231,0
93.07054849698955,0.5954081654446243,144.72261443612436,3851.257329064803,4863,1
69.46260941335073,0.515364378212051,121.77315181922876,3101.164398211401,2736,0
93.46965483721009,0.24340155516228607,123.94631414811192,3815.9284495445545,3129,1
30.703823438653835,0.699253363889428,107.646962091313,2633.4835022380053,3119,0
82.32853756562835,0.4012486833677375,113.678542879459,3909.0309612789124,4477,1
71.30570602357257,0.18868362026804977,132.31542299542284,3387.5777470173916,3259,0
65.51488974301198,0.4143769678068175,144.0776887433763,3276.520042926179,353,0
71.37641164803253,0.8001519581268622,117.21107448638001,3117.012227176574,428,1
40.18646628098661,0.6700443484226986,110.99621470297177,2875.735690962775,2691,0
66.70492168243732,0.4302695731184282,120.01055917713195,3600.2658292369365,2930,0
75.35668857267619,0.4301484591363142,132.0241349785823,3070.1799349240237,3144,0
92.16841067112274,0.43567298975652347,91.12290367732916,2016.4651482064237,1520,1
62.22594672589529,0.9153495967121682,74.07638093725524,2441.406769146499,3501,1
57.87259595660218,0.5763870904463106,108.98926301016833,2907.0771239036267,2992,0
62.47364434623195,0.5860083294382139,95.58575148171683,3154.9994915827774,754,0
83.73103176553111,0.7060566908063685,109.83719604705378,2971.705755550052,859,0
74.93126664489526,0.5477578318053027,117.04439362365056,3609.4853948968316,1898,0
62.05359694349442,0.44819157083585937,110.93503181953973,2024.4490679806877,3071,0
77.69901149670034,0.46073003018300435,149.0493506894149,3071.7939682525803,4611,1
71.4561632402206,0.4856797481171872,126.5348952920464,2091.0103873064227,3526,0
84.52967485799334,0.4925555526980317,126.00948719221657,3379.8561477420844,354,0
59.469203591839715,0.645525908727396,132.44414288086804,2952.7706427789985,3923,0
65.08506780103347,0.5103891771614599,97.22333764438461,3209.804986012059,1976,0
64.11837770301763,0.6465280154431159,140.78223574840538,2568.058519705117,2857,0
48.04727577801822,0.4838566839782835,118.4847142692908,3639.732465828876,2724,0
74.44180415596864,0.5157270380632181,133.40961234482424,3520.8623320294255,4221,1
73.91582908269834,0.10035986309357844,98.56285533919689,3291.772151505944,3104,0
70.07670184963692,0.6832655349404962,88.92482467967871,2935.2413765682795,4616,1
66.4811929993728,0.5692976951795985,136.35779316050056,3289.928642647566,3834,0
48.769438869243785,0.6996020219719304,127.52819052195034,2646.5537160063254,1344,0
63.69032015851961,-0.07925107563873789,101.9589689128498,3427.7778295103562,1108,0
64.85928225209845,0.9176749409561455,102.60673837450611,3824.7404471619607,4414,1
57.96584096167572,0.47208207436896527,142.50869568829538,3535.305279989593,1610,0
67.58071432500986,0.7216365633475034,96.21176214265344,2635.198765096295,2059,0
76.06076285221808,0.2920188145748938,152.85345906511927,3180.7086586365513,2608,0
98.29278851815795,0.6225547810125139,101.98758530704262,2353.4292281206763,4858,1
72.61866719247759,0.2893168873652688,132.76783851216766,3286.1951555878377,2782,0
73.86325586084146,0.37524620786083895,113.4276304850203,3225.3017064312694,1089,0
68.8833112635075,0.8828062707733573,132.06374862164685,2065.091830233918,4384,1
41.21843177051438,0.4618635198473307,109.11771995771615,2419.1080780438183,354,0
69.60229186826174,0.5434865746359446,116.74414187855412,2858.4305516281165,4263,1
70.90345314911539,0.6740135461377508,120.81838350791442,2849.5701264295867,4811,1
106.94863168727929,0.5991363775945209,99.95625088437055,2395.261532290597,4552,1
67.11458552828316,0.5300837810287152,134.8164869084025,3194.489364676092,355,0
74.52321013500419,0.5729922004932451,109.73572867056829,3125.736804470256,1107,0
69.47932345442135,0.980683117047655,115.42800169319963,2902.8654340107405,1855,1
52.46982943570702,0.48847624059328293,100.11301250782975,2622.1042499208183,2671,0
87.14234221772531,0.5402198093429935,68.75332682409379,3524.3535632082817,4008,1
81.27899549030161,0.7101308792015224,116.17944474799663,3827.7035565441474,3097,0
81.8654792056457,0.7211051865915968,168.2523084322583,2758.2192580767314,2903,0
56.35918817807892,0.7374060611120761,135.69208575796048,2693.9165414225895,3865,0
91.04191466404149,0.6277460444058369,119.6147924053121,3245.6038327059982,4479,1
48.97223405811579,0.27139901745390327,114.74218341583465,2820.9853101265066,3483,0
78.80285640700406,0.8266863064602192,120.44931785624092,2930.301399668383,198,1
102.85683438714968,0.27073092139626237,130.9423823035042,3369.8265758623356,296,1
55.14195512303967,0.5605270930478067,96.3837436938231,2045.3219562463537,2629,0
61.50553405595842,0.3491448299961284,142.28643389337745,3659.151162426335,977,0
71.49477047631461,0.4871723306814015,134.3076263088249,3036.3402621646705,1968,0
62.44786518825701,0.5657524820606962,134.3637145141587,2794.2534277189097,2765,0
46.74004853400801,0.5642714430900546,128.76951477619454,2955.3829228892755,1488,0
71.0284446220904,0.584384150847057,120.3923331538798,2981.214677510259,2515,0
54.065444294108424,0.8227422538117294,133.45722471933638,2134.3993482775372,669,1
77.10388645952773,0.590706860302796,131.83628267482757,3747.469113726618,2737,0
56.20863648649295,0.45116867294187024,112.91918578117952,3020.662816135309,1165,0
93.2490160752631,0.6928174336576716,108.52796454206198,3221.5010652236874,521,1
58.251200614956446,0.7378940977849281,122.03712590523973,3475.774885287022,2983,0
65.16907725691486,0.2544784369726015,150.98040302990375,2489.4187712198495,1304,0
82.20275826054505,0.6194800139699717,95.21785848692198,3236.7359495176142,644,0
51.53703525349067,0.6402345484621796,90.6494946849512,2866.179454550603,4266,1
73.41189901906193,0.4404872993280016,123.29521682473033,3423.3853876082467,3739,0
89.60714131423642,0.7751413626623239,121.01775403712035,1936.3862898242523,1323,0
45.88775148158159,0.4699888825934946,123.46683328740816,2950.4528498793657,3272,0
72.76950787798457,0.5251152906943085,124.87906395817001,2698.5896721080194,867,0
73.89824191372635,0.46538563514322606,115.5359549073039,3216.1314753170777,3757,0
81.72734307665965,0.5031158095162935,149.79726877204163,3235.022093684101,754,0
51.44573933682877,0.28074498262095965,87.98192043046969,2646.1870525889867,2546,0
50.193150803735854,0.21198982348114112,103.43005950439508,2643.913067911978,320,0
77.82912348425346,0.8189010126449945,117.93490479701906,2944.6673157213354,3766,1
74.45477009849779,0.33060773033633445,87.13622377691667,2551.678886342396,4377,1
73.75739275518815,0.30172153010873853,116.48291191135857,3420.9918477260635,4502,1
75.19672314245464,0.06932197727925701,153.22940331456036,2815.396399776277,2669,0
59.79962917632264,0.3722076504620995,120.41772976591923,1546.5058903391794,1113,0
73.48380545741506,0.23538204131850027,124.61401811437366,2812.588971689097,2151,0
74.39608709948021,0.8284030320272738,94.79670469654839,2480.7280895780136,4085,1
59.28472872960448,0.7019634178685269,107.67277183921045,2184.3620922695272,4999,1
97.98661766717134,0.36236993096445524,112.49607239352126,2381.286680888714,4410,1
77.10749381367681,0.9504871610688618,113.64569806487532,3054.7042359164852,3119,1
52.13044754196027,0.6963530973983189,145.63287590007536,3664.3204141241154,3781,0
79.84830412950744,0.4350337232982755,131.1538212145025,3156.59223693249,1543,0
55.37977494659018,0.0001188570252854404,97.77084086125936,2696.7483058921302,4296,1
81.80626905613678,0.9581885145181482,124.9300955686401,3227.9520975853516,3110,1
87.37893368511106,0.22208550664728077,129.9644349699357,2770.4548448905043,672,0
57.68976522472434,0.17092025060862162,142.80298077042534,2652.6998154184275,1432,0
84.45064193866483,0.704514086401928,151.61081373136747,2422.818665883508,4853,1
76.19171390404748,0.9879504812678546,99.69811616344262,2124.0855966241406,4102,1
82.33090239991735,0.7768545637021037,103.78284977579324,2805.0381467202774,3234,0
98.4518947398092,0.6127818240104719,94.84844282170768,3079.026744960066,4186,1
66.31917825995694,0.6189508683330572,115.31960281786037,2951.6881649925554,325,0
58.693957534637654,0.6706831117560615,129.32716748892668,2792.016536026321,4300,1
56.65728355561715,0.6517857179573531,139.74669033178205,2527.126969651609,2097,0
57.762845725518424,0.5562382847938752,118.48097952714954,3304.1230958424844,871,0
68.84347435878844,0.5208402207903752,113.60304953490312,2341.4340400267074,4624,1
75.11727962224965,0.48748137442009554,123.03515984497481,3388.0139569217376,533,0
74.15036198995028,0.34920708222666474,103.29714196739954,2498.891490536638,3199,0
82.40774873554035,0.4438649846266452,161.79077443389548,2623.7823813234822,2829,0
70.1950283781686,0.16140863716092288,87.84677945763883,2266.6074046921617,3507,0
91.80301115735975,0.48033207464105004,123.69481157791449,2749.298926557182,3240,1
66.03014750143066,0.3022817785698165,160.47212438459277,3487.6562292389895,965,0
110.80253749884429,0.27928213655684575,120.13599689119995,3257.8140442219783,2893,1
79.3850102164751,0.5359788302306957,116.19921929997011,3489.2110560140177,3011,0
57.14263665375576,0.7784004572689199,112.85109154379145,3261.071272966968,2515,0
53.93661252908331,0.6836633212004627,116.39216636475184,2448.1650857348154,350,0
77.23708622864778,0.1858998792753645,147.4569694935306,2834.6053878362213,3857,0
66.64805822011223,0.30207437268593246,75.76276177340986,2609.9004354412687,4756,1
80.71000741138138,0.6881542375976432,150.66867402592652,3665.28745201952,1018,0
77.09856436860318,0.30350252129233807,91.5208569509971,2401.605676786844,1273,0
68.9075663101469,0.45507337000059506,114.66695341531171,3446.8488446945553,3303,0
57.29809422897392,0.6100104198049103,111.41511159402677,3446.4769350543847,532,0
47.27729162971203,0.30633110902727295,131.77106539541438,3914.8101008580434,935,0
63.302275718994686,0.521075101229192,88.03751296232505,2795.156703685251,2346,0
82.84598191485209,0.2331949010163591,129.24345332163887,3356.161079790081,2362,0
73.21140616195306,0.3797264712097572,160.48619246573705,4140.825918269421,997,0
51.31391831932018,0.5639563868285075,92.73651990814379,2691.1791615331517,3732,0
72.59771388776772,0.18140125329366613,123.79412335220792,2232.47987623382,4667,1
75.77976069593255,0.5880949475920798,106.76035644406782,2059.9949830461183,3915,0
56.74213845698301,0.49607244021466373,128.51774412386072,3356.3560144306657,346,0
72.30587658918292,0.6104979908834296,120.38295554831504,2058.424895970708,2529,0
70.87313077669,0.5447828268129323,107.1702618191138,2813.8404735310387,1090,0
52.85544553254066,0.7728280859947688,129.75744569742147,3218.6565935194803,3410,0
75.36681040522424,0.5250449005295814,156.08696219573486,3092.587768414957,1026,0
78.41176789552351,0.4141188917749494,116.18192416545402,3212.722432092086,3538,0
86.24576864762915,0.5244595006064567,134.39515884296364,3111.144927900427,2707,0
85.80703078052355,0.6086596058072776,94.13454084257673,3639.4329066566966,1174,0
49.33495948064363,0.5097720140651408,100.87127246363983,2523.8418096306013,4122,1
55.93262440127316,0.5081183382407765,129.44812555760754,2661.5024307707345,3899,0
77.7255290081299,0.3596016624386489,149.6823205707193,2613.670277364588,4884,1
77.70678926368313,0.3674198164898103,127.1122669757132,3415.095905931305,3251,0
77.72571529459071,0.2194789456400613,113.7388393895369,3450.199294197532,3538,0
127.79097235982081,0.8499153486373879,119.98582810846708,3225.612659659254,4673,1
78.5633576603975,0.251227352921743,94.99184532060565,3591.746833444964,3591,0
87.03348460270898,0.3614189604408185,132.09030652710734,2410.97956631181,806,0
84.31002645239803,0.3563185468861605,137.64666124646817,3833.6120557755685,3164,0
79.77086876958697,0.6789848753888883,110.9581933433384,3761.619310856129,853,0
65.27096133039481,0.44101006434159445,110.59915704480997,3367.8109986228733,687,0
81.38453830739901,0.7495484145347467,125.31756459304097,3890.89945438553,1434,0
58.40762178193642,0.3653018751512263,111.2656052791881,2171.688396161113,1947,0
66.44772089889986,0.5557988324447604,118.67734770748355,2737.775931868674,4034,1
62.71954678256345,0.33293058934804853,161.99443578333032,2632.348269659024,4026,1
71.22811209079484,0.9290298255546777,115.05948598508007,3360.7396618786715,3417,1
104.71987850010262,0.26248031619409745,112.83319695957556,2474.929630198927,4120,1
41.991022111123776,0.5619641420454055,107.04916388729681,3378.747574668743,3255,0
80.2939028556177,0.6267553761864197,134.88383942999874,3685.268071998357,4402,1
45.80926193215522,0.5827598194902996,116.37551653563794,3347.6014500419997,2298,0
62.9210220131585,0.46294246822445834,107.01253923357147,3141.8755118307504,264,0
86.33425895451049,0.4740358600533148,146.42608064546025,2506.0633295496255,2098,0
70.96420028643195,0.5087622943958219,148.39206009027274,2576.5745169373176,3157,0
53.83382833106041,0.47059959967430226,107.9915286852259,3624.8094526483333,2184,0
59.27044436110047,0.6927758233589819,82.66920097278768,3389.674501952666,4528,1
80.19396623402014,0.9421046003182703,140.15027379673845,2980.490240311228,502,1
59.04450052424295,0.38850164299843326,106.30740348479992,2791.0452271170548,513,0
73.24687884372962,0.22603940408418438,135.81251198325538,1987.0960634443115,144,0
70.6835775985572,0.48234359032974905,80.59792364576329,2464.5737906577806,4257,1
60.22599478591275,1.0159418675308636,137.85194676598618,3955.7095435698616,2567,1
102.15916133987989,0.33926508640605385,95.77656141438437,2359.7722144987665,967,1
79.50878533477017,0.8278233610888135,134.6152823813305,3094.7399106105404,118,1
39.622861200135894,0.8355401628152882,120.28546135672869,3503.7219865975994,464,1
72.79681472154141,0.3892823516584011,100.9212116120671,2372.538665998854,3932,0
60.07320302847418,0.613796615837055,111.85927374146439,3092.355237390542,679,0
82.78650002194335,0.8256793246257076,133.72636913913402,3468.9577687553274,645,1
58.11218892350949,0.4241744518025026,122.11788906230468,3006.249660953625,4250,1
68.27895337799652,0.45928392797952766,131.6882596094497,4434.201527833384,4973,1
77.57480918470685,0.38366381721027126,159.5288116903097,2165.7003705609022,3139,0
82.98632791255183,0.2970486538614266,88.71516776577897,3529.3642649419394,4237,1
51.99555389416336,0.3701444909867986,152.3442514993725,2913.599131301768,4144,1
64.98248146238578,0.2552119466475487,122.08711875046426,3385.9600774183377,4426,1
62.875820332585654,0.5068166936518452,102.02431903353744,3220.653575849623,552,0
60.200061511394324,0.3460053537882717,93.39372748522021,2633.421901445002,4061,1
96.48181360421646,0.5467571823581495,116.21759218445933,3114.49819622967,1481,1
76.07472566441433,0.18882087075927453,138.4330022384892,2071.0492743008563,1567,0
51.08674068497432,0.5661760464428914,117.44901759244931,3301.623750285697,2838,0
83.76792920582164,0.666705792321785,150.22309860494695,3149.079232995263,1316,0
101.8323429551895,0.1012528714857089,90.97648619896883,3319.330084321551,980,1
85.4869789082672,0.5748113139695145,119.7582210430789,3529.059162543575,3914,0
47.2094505106898,0.7455337984946585,94.95213111173761,3183.8099201048553,3249,0
62.736488907006226,0.2580717962617589,127.27263765249936,3074.044709899138,184,0
89.00366723779933,0.8345144773675407,137.737747801946,2559.465831669354,4244,1
59.38495801571829,0.583803801873209,111.58476412637893,2643.8896181754744,1268,0
76.65729142219342,0.3589976288483182,67.91572286745732,3593.3673100886654,4264,1
81.61951080144006,0.4888461844684588,123.97896293592989,3718.1677028529894,3229,0
56.09604292632876,0.6116653825043444,128.7347710346702,2880.944781843973,3745,0
69.10711965907299,0.5152010782824823,128.08589509923394,3023.001373626637,2626,0
21.38098989896391,0.6077511984892738,144.7156438364431,2547.692812503117,2967,0
54.63418537998565,0.31586528138412673,98.57892640701903,3586.3784226337225,3616,0
66.2114777291026,0.5338721648072156,133.604322109009,3332.7084118458893,3467,0
51.28325227052726,0.21725710061900394,143.8501502495595,3970.6087182318747,2294,0
94.48616955897452,0.4777547877302599,84.42824831986967,2560.8384614101305,3655,1
48.54787933059051,0.31921847170704204,126.39303651837955,2810.9960504908913,545,0
63.39933269954524,0.3528940114820467,109.91640337984657,3115.722961262786,3726,0
71.96110865929137,0.7472186350420875,118.36954653796708,3323.2447688628854,4116,1
91.61909933599173,0.7182620241188539,126.95352967076673,2892.1661812261837,3975,1
48.46206773230841,0.6218276241814354,110.25542871772896,2563.51945477315,3437,0
87.4474562823244,0.28153744706548417,106.48583841676776,3440.7037644617853,361,0
70.1534959152938,0.4367183100610396,120.6830483497605,3360.5676812727907,1948,0
55.27737023428074,0.7426195399958367,98.25508122274395,2541.8629497181373,4125,1
76.93155211394907,0.528343382727981,98.28349742229629,3677.721400552748,2366,0
72.98589543360205,0.9638659079963389,133.58746565913006,3585.099354598302,191,1
60.99674684261808,0.5786635678788744,97.02411929682688,3067.1482486238965,4322,1
71.04703127485028,0.5384098232980064,133.32625001818423,3039.7989311880183,4275,1
64.2202960470736,0.43817670715949975,129.251825857079,3277.028885557954,3409,0
71.70276017876871,0.5267081809564564,85.48386542418807,2569.148464871871,1082,0
79.93196011781569,0.4695060327238913,106.4487069532869,3015.015739582041,3543,0
93.79025224218029,0.641621735337718,143.88218806094744,1923.8082276954099,2633,1
51.43276751759726,0.6913404633589169,100.37668937720636,3438.2278227514676,793,0
101.995500619844,0.3428021078984101,110.71191475381225,2219.2533887790705,4220,1
40.71868300716247,0.23375340928844437,129.24121786503792,3751.7099142144993,255,0
67.72322357446625,0.13275892537934067,135.66781018565192,2834.939953016775,3688,0
78.82475809726864,0.6015982653825087,114.96922227911008,2894.166509034412,1912,0
74.2148780160255,0.27932667876522527,108.04979610616716,2686.1330469577474,4214,1
60.65950720269109,0.06942188140950341,148.44739723397015,2855.980563038962,1507,0
66.87816624464087,0.5777157209061928,154.7779932759516,3709.2656725740185,1316,0
62.604985980117505,0.9985999034865581,139.5771610156359,1756.0956717324602,1510,1
61.15952864583682,0.49878581769202135,121.70636285130048,3638.482693044094,3597,0
82.74403145531538,0.6676981548903284,103.83468556718147,3169.011740550854,4472,1
75.35523228947571,0.516365871709513,103.39111186886869,2396.489176071392,4940,1
59.60635607109019,0.4802220693617715,130.45028210531515,2462.3438034753813,651,0
83.49399813149876,0.6838152965975537,128.36796441777366,3838.1965136041017,3494,0
74.60949281314915,0.4419450911622697,148.03197185892859,2527.2465600286346,1276,0
82.1929317825844,0.5534784628143806,133.0090018507228,2423.3247447020203,4834,1
79.44443262885419,0.5643395612392027,89.93839396480364,3568.6572711823646,4432,1
57.56507483616891,0.36638190927139025,141.03895235445836,3169.276438142957,1097,0
61.597284397045456,0.6984084699073045,100.03878745371175,2531.0372117318007,4176,1
81.20940407684893,0.46500804866091827,112.32057456095296,3108.3124877023097,2831,0
79.15555398150197,0.34885096810143107,125.00400412503389,2487.123658179861,4037,1
69.68647609053778,0.6073019687140807,159.9133497956793,3550.4106992113025,4152,1
71.75991074963173,0.3203064036417925,182.19837112010723,3530.685482436567,472,0
89.16497343682637,0.5056362314738256,132.13446118272367,3266.0030994109716,2348,0
61.126429167462554,0.4981762006711593,116.33606762559224,3180.8305306235084,948,0
78.20646071755057,0.7171791131663157,130.690112969611,3880.5940624336868,2656,0
66.9671102134916,0.5949396465759905,137.75310851747673,2999.8431636941127,2422,0
66.7347819515917,0.4949946082509712,113.58664748885617,2409.0629372895996,603,0
86.48165277980786,0.6635532598400574,155.90422711824644,3224.7369564161536,3289,0
82.38124523482045,0.7780415098034626,124.60141518382804,4043.023524768557,802,0
82.20264454000957,0.6115620612703725,129.95486178182787,2492.620253407074,3725,0
89.58218210731494,0.5020705239686761,133.31848504108922,2819.268616653007,414,0
70.31505762449139,0.23763275352996807,128.43173221228912,3208.223019050726,2476,0
80.22929456942445,0.28697726738492546,136.77881000939226,2973.0475754971303,1140,0
65.34599865109816,0.43895505912906646,107.65493626906154,2508.8482098113427,4478,1
74.86249528732664,0.37809755956814334,108.83396492107939,3560.9289281152355,3090,0
68.04785418448473,0.4626057394029108,97.9969153405661,4160.02036100863,357,0
71.45493947489078,0.5113299849794214,128.79002461240452,3098.0657295119536,674,0
78.92735538155371,0.6059385508713462,135.57873007024227,2547.965855132,4769,1
57.726689751497915,0.48590024438818175,129.15545732303772,2225.5197374732625,1652,0
101.3858091352819,0.5973003287652404,153.48984866695073,3128.9879906105903,4618,1
54.90973927750447,0.512894882962024,119.88807962341907,3551.938671658129,857,0
51.787170808184015,0.10490668672922572,133.37483311185025,3237.583873247691,2910,0
87.37166310250102,0.31213292123624914,98.16598247721372,2998.798079540573,1204,0
81.87494040944404,0.47118248885567693,112.25800595051199,2705.364174105347,4624,1
79.36179725578232,0.2580610514317785,133.91075515131556,2453.9181836409552,3559,0
79.4251826389642,0.619985745999241,136.98204221486287,3417.375663162441,4092,1
69.81629840729629,0.8061501664687395,114.12066104671635,3456.885810692793,303,1
56.54118442771253,0.7437523703394634,118.56801496283866,2227.1351066546335,2875,0
71.1370683729059,0.4573114258139584,89.64252506638381,3794.919489090342,2432,0
59.842574327318324,0.7981452273699904,112.85941598386782,3287.0356104470006,2092,0
84.62679600126627,0.5297334914404224,137.80766327039572,3699.7973225728965,2343,0
67.79413927746792,0.4325828057763921,131.50410032213134,2328.9361257574424,406,0
57.61754204811233,0.37731946729181204,130.01331442762418,2317.0879222922804,1787,0
65.1792123752051,0.43950606270237436,120.9954737436192,2925.5153451163515,4209,1
76.19397181413437,0.42236463629175425,120.14126317256353,3251.392213447597,1960,0
61.54413170794037,0.5340832444750976,106.79357721053105,3898.180411463482,2061,0
57.66669406650353,0.5321147962099729,133.97656840405068,3353.0394569075656,822,0
73.65530817237868,0.5006092040306829,128.41945888778778,2878.6593615939832,879,0
73.67449856663085,0.58738763394927,129.84037695985597,2486.815396167054,628,0
62.39585236943305,0.7381292549572683,109.47930314664839,3615.000286359575,4993,1
62.93442541572516,0.6899108270882648,76.93314160257512,2517.6472871246424,443,0
73.48074906036454,0.20302040631001927,141.9430542350739,3814.234277386161,3886,0
48.27873487754014,-0.010784226980390993,110.42325087983191,2857.807675196745,3782,0
48.88804338435167,0.6868639822478547,102.74448471913759,3795.2910363089254,308,0
59.22333668121346,0.22662426031691577,133.86957823827987,3339.4656450296393,4836,1
66.7982927243223,0.45504691962146326,112.1597472016174,2931.502255278771,3506,0
74.66361348397007,0.2659773947881281,141.19872768093245,2740.3018140869367,1411,0
92.13034325424329,0.13960391248399603,132.34011899153396,2829.54606132696,2399,1
82.86489434803029,0.6082925456409576,133.67138646400954,3214.158346187619,3436,0
67.60092205054859,0.6518310320605294,92.68088577598931,3038.5782481088586,2047,0
69.71475688145966,0.3846979198546561,144.23887970772802,2703.0942959656472,1019,0
54.96205953043287,-0.018208458428982006,125.22501062467713,2917.184294841184,2144,0
69.72230296011415,0.39075111034950344,112.61445721507593,3039.288514859575,518,0
65.67012041619793,0.5783608010805094,122.86776934684502,1935.6329527925939,1849,0
74.84077840507135,0.20421768624517428,84.4752953420336,3229.084057394349,2942,0
57.59153584671515,0.5366719839558312,128.17305622961342,2510.1393876415964,1199,0
77.79019771361759,0.4969380301654009,99.41256983635857,2423.3337983971273,3492,0
92.99108369503867,0.6158582999202177,92.94659428312931,2156.327826444645,2872,1
68.36859777314713,0.5239160736828307,89.55281627564217,2103.0537510660547,2580,0
76.02567583148412,0.3053862118236889,142.2537674997985,2322.2762484438554,1645,0
80.35215987566669,0.7393143003328982,107.41473212614423,2645.4895211847547,1170,0
63.98169292171246,0.468294085394606,150.67455419833,3976.629568763284,1950,0
73.36138722715626,0.4945390920980136,109.28397073895404,2737.060162052398,4298,1
70.18888601172692,0.3133464081853608,85.85284084814107,3088.8750531340156,3039,0
71.46514147823248,0.41134354976169796,97.66951120102682,3200.2406932531644,2003,0
58.404853242168,0.3230394571946198,144.71623240013878,3065.532593107924,778,0
70.36765261388415,0.4654107880153154,116.88203644126665,2961.278269637003,1088,0
77.46997436868175,0.8423416960284688,109.03425407018798,2402.3531182003776,2575,1
91.76715411692562,0.22561977141372871,123.20036451705576,3725.463774139606,1707,1
84.3890623912781,0.17728772042465177,130.0356547233509,3903.5983218189426,2969,0
102.29773686267335,0.7942340654987218,142.3479763180492,2158.670652938657,1602,1
58.489786556679256,0.4581352645696268,148.9699845978585,2487.98570455681,1889,0
83.08480955081018,0.3661854522680167,112.80462708421828,2860.094828811497,1525,0
72.75013008607527,0.7079809374792153,93.47904627835923,2517.7311025449044,2540,0
102.84704399826508,0.37887689205262715,111.73069677753448,3252.9827767279326,2142,1
57.87552571967273,0.8652019427093872,125.20561013165772,2635.8638987966933,1378,1
57.40417236728836,0.6355851742678538,100.72482147578778,4082.528033903301,2694,0
61.009110318339665,0.4024177183708595,100.85698170209915,3595.274297171798,4789,1
38.141564135352894,0.9314616426531007,126.87575763099771,3106.2870153161075,2536,1
62.113674674788584,0.3788570153993323,119.02695296859098,3513.4931316598663,3903,0
58.61301007669453,0.6484190744018614,120.65593990823173,3552.9502121786545,2305,0
72.25590679714311,0.5598585160812984,104.83009330599862,2718.0262559708785,1127,0
75.12633963665739,0.7603482578797597,115.39198571588466,2591.8913777290177,3639,0
98.14256258823829,0.8123022393453706,101.51533711463391,3039.071531484824,3583,1
84.25635757279075,0.5064008298131534,137.80396822249574,3430.818062248972,2341,0
61.346445165063955,0.3493164259307633,140.70498669447505,3069.530199326709,2865,0
56.52377992977463,0.5919944285878233,83.07624275523813,2211.5017589045015,1273,0
77.37878757259759,0.36445692604957874,101.4097827961518,2598.5877780245787,3330,0
50.196501894690364,0.9026774495053246,90.06941489819842,2963.013568202811,3450,1
97.47188148781531,0.5273070662165474,106.99952131186204,2962.167197837085,503,1
87.69160181081931,0.4269356897375783,118.33124060419279,3986.271088394904,2825,0
62.962365218429426,0.5369360611729816,91.0070956060294,2307.006028800501,3482,0
44.30298206363683,0.23057474209406068,101.56280373749374,3252.794620917937,4263,1
90.3080856124812,0.30567719229786966,99.92085255837003,3744.556554164145,187,1
68.28190232121074,0.7400827815888851,124.14534658797888,4135.724872711398,1258,0
88.56724467960193,0.36862114420572084,121.386886740725,2797.8012884080194,4373,1
46.08358511808449,0.29061780346361205,105.56524893325494,3245.7147263601,2957,0
61.00937465569341,0.6073305505054573,123.53641744278796,3284.8801785993232,1481,0
70.07865549577275,0.7371408309325994,109.06639830825469,3097.7408657766455,4781,1
70.70470890647113,0.6437906621330134,114.56689779347893,2950.577399380347,2164,0
63.249017927811344,0.6992095371611633,153.46904180597073,3217.987694750023,2474,0
79.34274898521248,0.34864098228610785,146.80922103580696,1733.8769573901573,417,0
53.98569355926109,0.21563786665163123,94.00837526144805,3341.0347450313157,1602,0
67.8643077246806,0.8002667303910974,136.59464835758348,3063.0889518309837,2142,1
71.80443447567848,0.4354640322315729,136.22793108983186,2888.7625516108674,4698,1
77.71658251088124,0.44983339670899053,97.03473422494764,4023.431097859779,2122,0
80.67422317133334,0.7656388283698116,136.3755528750972,2662.532990604724,218,0
53.130368622431966,0.611246001880132,150.75863836825107,2798.4620054674847,809,0
46.98828743896566,0.5911775544163216,97.54910387511173,3995.776651102367,3657,0
89.16515232847763,0.9330004689802168,101.64994357971473,2583.969347575072,4240,1
74.98471017969388,0.37129635392397137,140.35322933687004,2724.9423585317304,4509,1
58.7727019516517,0.6855680256162474,125.42990621651296,2926.487288284575,3350,0
93.26727963283784,0.5114026249794169,131.02952550479046,3420.3672410647746,517,1
71.73511951439288,0.5537184557726514,126.81178432800994,3103.901253676657,2703,0
87.6894577609574,0.8056936852825064,127.81391841856288,2353.687326423869,3954,1
71.01277722115164,0.6015671512579247,93.47055743377834,2733.9157184364053,1201,0
100.91121887322981,0.6076592158099265,140.94635413242898,2696.3227833938945,4521,1
96.33011263664807,0.7145014674619604,143.39179984855548,2961.389477388477,3528,1
66.2655377728139,0.42700945409142294,115.41218511863944,3212.9218293149147,2361,0
84.57356426431534,0.3321580665321987,119.13046100372276,3209.102877943986,4269,1
79.68063924377721,0.2910381611957933,89.37784994888555,2111.9941229757987,3734,0
90.52947336298523,0.10672868212479962,130.2850951203567,3531.970493780428,608,1
55.52614809129843,0.9112414259880645,131.44114883428287,3126.2844229983116,2479,1
80.29077189997659,0.27935832685566336,118.75617966001379,3692.266023796953,3264,0
85.87636730274382,0.4557492752828456,142.48706719741006,3222.099163645336,787,0
43.618907703653285,0.4446373400222159,113.31845538040119,3550.661478867881,4852,1
52.25112231001337,0.5614813395618201,131.292118517872,3233.2726557250635,1392,0
39.41151733359849,0.6631474425078593,99.6067132261577,3673.112878101374,4005,1
65.95889748333164,0.6720946976719491,119.52895698251524,3261.1253180088893,3175,0
80.76313383693943,0.3833845122862123,116.51291484194329,2951.042376778548,3309,0
92.53535578144042,0.4665756572427177,124.50615844081882,4136.217360223441,424,1
71.11142170629662,0.55651599009766,112.60946142333283,3444.518561139946,2093,0
94.42923318356938,0.4502617747632906,117.37054808656664,3286.8722105022066,4076,1
49.29847812677663,0.8214691152039986,136.52094342883012,2361.847791730832,4912,1
44.44926340967268,0.5981949903276502,111.26471525523566,2355.846191268231,2870,0
69.16678451655072,0.6469755572099635,87.86845798522641,3146.3577410709267,4472,1
75.76098173408961,0.6325762537334826,154.9916780841084,3072.7605988841206,2683,0
69.5095787785886,0.734694771497065,147.62908157380974,2692.938717495842,3657,0
38.98836849940185,0.5362043117407413,94.15474609788762,3070.49134980603,3687,0
68.66319940730817,0.24063361040883066,133.7941561049039,3794.3134640217977,251,0
50.4329574924272,0.5799375903505283,109.94050458897314,3347.701237275149,1054,0
80.04508823245058,0.3697286212416342,125.26974430662119,2429.495745123631,4454,1
75.49897369145272,0.3942766636500486,125.88448258026988,2944.245586428528,2471,0
55.90180320508967,0.6172728037510187,115.31184399367356,2597.5167595737194,1291,0
62.2919962399496,0.7476566142867271,104.32468668827207,2806.1500417957195,787,0
54.11179717166573,0.5042543153472123,106.18917895367481,2793.1921671851787,409,0
69.05981354090243,0.5617666025197927,101.67616169037515,2761.1772086979972,1602,0
84.32713480751858,0.8404429889270476,103.36355583539111,2372.4323140133024,3227,1
55.21410930496685,0.5481506358977136,118.65643419901289,2936.172659240905,4668,1
77.56069773276766,1.020336622836079,105.68480021778497,2719.696181576345,3467,1
62.04613572441339,0.6131019291263088,133.6410413142524,1535.275654998866,3495,0
58.10690751606484,0.14784744816883644,149.74492310671855,4026.4860122508317,913,0
68.39454460068163,0.6506683242209065,108.39893517259914,3544.384827108336,945,0
54.471365163709386,0.5762316769765555,124.78809001070753,2811.849637537502,1264,0
61.69526041979227,0.7579505508165492,129.99370220605869,3009.4095248702993,4862,1
52.03183161116727,0.6346362702539917,129.4400454183855,2414.172826341219,1867,0
99.47087699374583,0.47230880320324525,121.51910535832175,3847.861438905433,454,1
70.52895327957593,0.2551403527421268,134.85364836719444,3948.6443473865556,1972,0
59.50411738011122,0.458195348542795,129.64497905361316,3078.346864123262,2124,0
73.20969866101333,0.32989590915814004,95.24675155345405,3511.7653220926722,2917,0
68.31507925463755,0.38389531003905547,137.38312128778546,3087.6433894669617,3932,0
66.68545600700166,0.6177156808841219,137.74581674533485,2331.637280562035,4375,1
79.21250050065137,0.8339809008702813,104.73427791642837,2794.0883155181714,165,1
81.36261565070957,0.5789343059645963,120.75875670895203,3065.9639833859787,4366,1
62.04248278584209,0.26082338759296314,133.66657985622138,2772.726140628278,4190,1
61.3627263903298,0.5889205336440282,115.81372360841277,2890.673361282482,2621,0
65.87422454272534,0.7393262973291302,141.45956095532023,2954.3002212454426,2681,0
35.471182528966224,0.37804341913612355,167.2774498923872,2959.560751067269,1490,0
47.27213406702172,0.4731965666654165,104.28027934730035,3026.1292452487414,1230,0
90.50311401166786,0.5029376389458394,92.3791079369245,2469.6974668016996,2586,1
94.67451570251926,0.343020337383552,126.07637191209751,2641.491925436032,934,1
66.26445940665432,0.6296560867687718,134.43125010252288,2357.7078671500153,326,0
78.6483544458365,0.4758103702784437,115.38267252310462,3488.9077748431,3615,0
74.66875231815304,0.5839064887814056,149.0652132664207,1947.1765290798378,4637,1
116.18321212682856,0.32250156443957995,93.22788400553503,3576.795171658463,2543,1
86.79362367151865,0.41250833993531794,133.8583724606322,3693.174698631422,827,0
68.0812361277885,0.6444762715655543,107.88278358482214,2848.9097065086894,3786,0
55.666893390993614,0.4254333695816466,154.38755812414593,1698.4314560863506,3722,0
45.903305196136415,0.845392770246681,159.85030706336238,2819.3447190163547,1136,1
73.05195453800835,0.4200727628770795,104.66686824433305,2967.9079193555904,1932,0
58.65473882073545,0.5449369451503772,109.0088572818284,2494.700890035543,2840,0
48.666194356034886,0.6865181663746179,137.19175773959603,2742.3908030958787,592,0
60.3014067363621,0.21632685341339364,112.2573870042097,3765.0975994316755,1648,0
53.77677994578407,0.1478382376038448,119.09177564135524,3332.4635811508706,1243,0
95.30712452608847,0.19486873708598104,120.5077684108482,2537.7179428109503,4057,1
83.22459635424175,0.7525168206854365,81.60653687604687,2201.200415202284,3507,0
69.88041038025074,0.38962837082151064,119.72324507811526,2836.4913411951147,739,0
92.19916208335039,1.0116398571336505,106.20544451871652,2893.271610324781,272,1
71.16052461471428,0.3871504802685223,110.13754355200456,3248.099593681658,4454,1
57.08073698007605,0.5369102606394074,148.87264006937627,2732.3416437161704,4059,1
92.84686115904486,0.8084219905135751,94.86986211441487,3255.7497876809307,616,1
78.08365065526988,0.9012185776318246,136.26410373495955,3967.5770200301145,622,1
54.441307685103155,0.9123007153272796,114.42074139336383,3407.750511222131,2017,1
67.14491982874588,0.7416732461186285,114.40479663008331,2975.9557463346137,2986,0
56.86572619922864,0.7048125051622925,135.80743792103422,2908.4247644733528,2264,0
49.25800403553495,0.6185053898402366,126.8010258913778,2821.6634329100643,2029,0
83.89266321297463,0.6556722152333275,131.41225994439063,3590.320456226072,4045,1
98.64124960705196,0.3897628567342933,139.36369321065723,2686.3432770243485,2309,1
49.02148639271288,0.33636022331553855,113.37383233633355,3022.611354499991,3883,0
78.44453855035856,0.4993251085178096,107.755265309845,3025.5989509405426,2690,0
60.24036146317259,0.4659630754950143,98.29698946884403,2749.107903594234,4176,1
62.69311924352956,0.40935439013454494,103.4917894004209,2313.7672260579493,1193,0
61.11409113641696,0.6392774894913431,178.9818885061745,3161.487251808834,3980,0
57.04013845480276,0.6910610417141022,144.89359161473573,2969.4980140723083,2594,0
70.7278244191724,0.5176813772583695,92.97851267583957,3250.120234718285,2679,0
57.535748253834434,0.7955060162110523,93.55084086512859,2733.1998467804165,2588,0
74.05685238669759,0.271662177173299,129.63732123436984,3610.410649406524,2885,0
69.24642835826295,0.4612681081440564,130.94529594755934,2561.6131093940776,2858,0
66.41577929700385,0.356635535879439,130.9776767063473,3856.020142008946,1674,0
56.386545069376034,0.126692676585388,114.90088412892604,2126.1817450858694,2473,0
61.34843004147501,0.48346386283146014,117.49091479994199,3217.3850322784456,4090,1
81.33086838738635,0.4756504983233433,126.55759048318714,3237.7153412633115,4945,1
77.51375781436572,0.8026899486484262,121.71786012586661,2602.221466029559,1193,1
55.33667132802174,0.6261623369109555,75.6139925450493,3212.1969689305065,1289,0
71.48998458143839,0.295162635134159,115.40400738849613,3639.759334880079,2789,0
81.27080685057683,0.8708185132668377,102.97187131479373,1891.5905803229678,4195,1
44.95892078317942,0.7442067391050706,123.50422837817024,3251.372403745407,1975,0
78.15040288569902,0.6164195406937232,179.70518005206821,1753.3645898349612,3506,0
60.0606436158123,0.45470318023003364,127.3496333094861,2517.167598238396,1887,0
78.5589800288974,0.30811215265530406,113.72940627655204,3814.5831824504726,4032,1
58.55111265186225,0.4255586447857894,138.43603003954505,2709.1089833039728,1707,0
42.92676849003222,0.7177497239408371,129.65375774418425,2413.060017795514,3848,0
45.58686343175256,0.8769172611869217,128.40188980903682,2901.031135507659,148,1
70.72127419992073,0.8086487056544378,132.13701186431342,4033.953169081776,3961,1
73.89583752582223,0.4022301156427452,161.13087129659084,2084.158876396987,2280,0
56.43525062343387,0.27607651334219774,97.38223129348168,2474.345044180328,3146,0
79.57888688166061,0.5281772493822408,129.47264153622908,3748.7158415898134,2933,0
45.0771990659656,0.14631212688742964,101.47237740036923,3928.851171768866,1497,0
69.00880302029024,0.5646335428369563,131.11025292684496,2948.284387854858,3926,0
51.834757003563155,0.47047948274026624,101.62626977027811,2380.4736487366786,4674,1
60.22245838296761,0.40679269962635156,111.65266372789831,4047.9217509045793,931,0
70.71098006974621,0.1810593865466409,114.09820171524187,3797.2211958745984,2797,0
57.09379952074072,0.6027200213139433,139.5163343868942,3339.4734938811166,4877,1
64.23166683655262,0.3934598320676177,138.3690888788483,2593.79882553129,2835,0
85.0943921382166,0.26601663285794236,95.08565247107231,2975.4853295809817,181,0
61.34662195715277,-0.0744524426563299,121.09868221999697,2919.819959477585,186,0
82.53538168097712,0.49449701898987275,105.80840290501655,3165.425652307789,2163,0
53.05439718013573,0.8544503193339489,94.82990178649331,3725.500719065668,921,1
77.94706266872925,0.832251842909574,115.65965899151259,3439.7085205687017,262,1
91.6235293098685,0.40858074868274563,113.83034423088361,2461.3119615076207,3839,1
32.92533249809066,0.3795575879276439,168.53432972691044,3688.2482250097687,2497,0
58.04657116794285,0.5937548512150047,128.65919650721392,3156.566070006578,2032,0
78.6560819077081,0.3003229121623417,92.44764998491526,3343.532897929458,2828,0
66.9543192093551,0.5603583799638931,108.70451991658115,3733.2704296393013,3635,0
75.56718810056964,0.6532160556769381,140.42766590858798,2444.2098752432244,3546,0
60.94022219926269,0.7453866447768616,161.7688554573985,2982.0872106467687,2890,0
71.2988468120935,0.47996918470400946,88.28033375524083,2734.2727243203926,2807,0
67.66484146911881,0.4592652499646068,82.4015122972191,2216.0702873172722,4033,1
87.5167309248971,0.3244034826486878,157.41930350743564,3173.35498880246,3485,0
73.8163126495182,0.334623929192028,127.79228354741808,4255.778275792211,1022,0
75.06403993112804,0.45470422161969465,102.63414536247267,2079.9611277471236,2275,0
63.82184550816299,0.5734731013632356,130.6925817224487,2983.859694475265,1682,0
62.6859066389126,0.6827169252466498,67.28504521966245,3320.271467537387,664,0
63.51162718270569,0.339364209863931,120.06751013194322,3061.539100828091,3358,0
75.91678213567445,0.7985377137919044,126.55642345686171,2943.4359737421296,2697,0
63.68523278769606,0.44577527979148623,138.48540279075658,2350.391818277088,2600,0
74.34662285344619,0.4957265411303128,99.72208095414925,3116.393371470082,4666,1
101.13101197968157,0.3505576641704353,121.71374322806719,2621.6180114920367,1087,1
83.06687055147539,0.015151947945411654,101.49150747880826,1905.0391475107233,3736,0
65.10964701748239,0.6768090792722099,125.10767511348634,3597.296110256865,323,0
88.01820883245917,0.6473687794184867,102.09307355273951,3479.192909921021,450,0
63.87886940467673,0.44373448857635733,111.83798321679559,3025.83048842554,2028,0
39.428131972332196,0.5133981434449744,100.08369210419542,3114.5373441028514,448,0
54.87870533623894,0.6031878435408199,133.02272483647315,3537.159006357781,4377,1
41.938121184612164,0.18749082862269145,137.1690223331333,3112.1698283890414,4832,1
64.72729773938038,0.39418946453074105,115.30758860085173,3452.008777380657,1117,0
70.27627568784328,0.6588529359243654,120.76475989920057,2851.258899563075,2326,0
95.14655968412924,0.2491421153661501,91.02817170732912,3655.9918692869733,4967,1
74.90391060646245,0.5587115864333259,114.00646703986426,3160.392862966342,4224,1
66.71349206786704,0.22868363907531897,118.9959076591651,3097.025971802937,2519,0
82.44108371775233,0.5932859964867053,172.4158618205995,2364.969455643984,1993,0
36.832970364881724,0.4928717035405033,97.76065948451672,3143.477927150854,3140,0
73.53421837162848,0.17697363681889808,149.28354477504874,2584.0225412527743,2168,0
81.5629779083045,0.7329478708914343,139.93717546931617,2680.858636735753,1225,0
47.821206313302376,0.3530816846403902,125.61272808980273,2592.3121858419395,3217,0
87.15631064810394,0.33794951259712386,155.17240968390266,2466.882534050387,4261,1
75.07744611241621,0.5401138394461886,127.44210945213726,4062.385701508481,4142,1
63.77068129148798,0.7297274698857431,127.78318391335857,3665.6695309942015,4533,1
79.49172799159427,0.2968356362043206,118.9375869396491,3960.1837510721307,2270,0
104.06039286706594,0.5123359699695943,144.47137764837254,2388.5524902222182,546,1
72.72799382587743,0.5857633000661145,141.92938467621767,3035.626874955446,2758,0
73.72330879450504,0.6386211214526288,107.48645425007575,2353.2461873979523,3462,0
63.109586506896335,0.535288311055445,93.61505610802465,2652.152561401468,2818,0
57.25233445802812,0.42659443218333554,115.94038725208686,2540.9365082917125,3583,0
82.45503724816368,0.33448195587025603,103.99922871204707,3619.7920032207808,3044,0
57.15874261136699,0.5172287766092749,118.7295085076929,2801.8851609491203,4476,1
71.07349355829089,0.2855721976028786,144.74876269368278,3534.189666847008,695,0
62.83513829852325,-0.0842700966989215,110.8539668982642,3302.060444794259,2086,0
77.18469738619588,0.5873119608315336,119.14353237376851,4151.819376052395,2850,0
75.00493157930423,0.680786968217239,121.1604546961679,2260.277888430138,1174,0
85.56309916386849,0.027413512891632293,136.9686176441057,3629.6166198933993,4069,1
62.349754017178796,0.29805385905801246,75.06221332030789,3573.2204352003637,4405,1
65.95187597059943,0.6238308522010395,107.86599410469407,2513.310580986483,4321,1
55.31854426326539,0.9114990939423397,124.22567384558945,3503.56666823658,4687,1
63.33560109885833,0.5041587415350816,144.00157912853723,3168.0724815131143,3680,0
75.65950739567278,0.35439941175417317,110.1619510498759,2886.261870023296,3107,0
81.35482924968028,0.463420711779032,82.46894587916252,2588.032256514,1069,0
56.16752013733562,0.774975283829637,132.39422891932273,2640.445274275407,680,0
83.0440888015849,0.3708071641750929,107.29275222348741,4024.906047892963,2924,0
90.33456788207427,0.34016159866994927,96.20666681819277,3000.3414094787413,4101,1
76.20152354835551,0.4034512955635935,107.51309220573552,3391.0650007657296,1311,0
98.151937188371,0.3093342783482575,116.309492846883,2604.5503091662235,329,1
58.39316201344641,0.5245340631989591,107.90510670923574,2610.073526889181,4384,1
51.33017945032874,0.8249356916939121,75.88867885801862,3540.992404624971,3285,1
43.319196266435824,0.5646158546232058,137.94132393774265,2325.211894224234,601,0
92.44066467233775,0.44952929957474247,145.49750082557443,2792.3931160473644,2232,1
79.81548484531086,0.44163774621689117,133.03043982679011,3017.013705536116,148,0
69.16622993634317,0.18736183826066857,97.24628659150366,3055.686300920026,3666,0
74.19952939479731,0.6766219554294318,115.97016932104964,2910.453357491922,3155,0
53.11766429052435,0.4844325605974396,119.86957369541084,3197.909890547962,788,0
106.68627969425239,0.46390401728187486,131.9758877912382,3346.427877908906,486,1
71.93831772962841,1.1386215135689721,133.36680977436163,3367.318772729665,1069,1
71.64092191907339,0.5597505816731373,105.31652402443008,2507.0980956660865,3560,0
80.88649935848038,0.3496417899809631,121.63991112827121,2857.9224510356016,1105,0
77.2151384760507,0.41472848075889135,129.14560809230483,3597.381430938469,3152,0
73.35826036418698,0.729689141839351,149.11644644293534,3447.3235937869363,3517,0
58.142883168320324,0.5226540821075529,134.09013079649446,2313.570274259468,2402,0
77.07202535703993,0.21234440433652665,135.78113374751038,3175.739950176101,2383,0
98.2303674471255,0.6838457869150407,121.67653255858721,2010.887375312595,1707,1
90.18130069232467,0.3663711828922012,148.20918290407008,3023.4674510301847,4466,1
93.89779939959097,0.8746595552435091,128.19525591918995,3948.8835083729887,222,1
62.33176485353222,0.7160096131429298,102.77824179652859,2526.053641365507,1380,0
55.15592769612129,0.4105356208682498,148.0673994025038,2582.838477254209,3827,0
68.11319619850528,0.7562032723470226,133.95806545078057,3382.0148907864295,358,0
70.83587368433042,0.5135711021054806,111.13911957743035,2228.599242395177,1047,0
86.41287277706422,0.670554735024444,110.41014065201513,2683.6224850574804,624,0
44.61303055427771,0.596946563458895,125.93151090281523,3298.2205687908763,987,0
92.94325479190921,0.3307286690018253,129.26369590535168,2682.8570761552983,307,1
67.62988152131516,0.37129003353650764,123.94584531262413,2882.0150063945143,3482,0
63.5967839507887,0.7059921635162323,126.22617346885771,3372.092855157517,2894,0
54.81843437109748,0.43304493357869184,153.99914749152762,3210.7730417682806,248,0
45.177149922013456,0.41927030735160065,141.4308630446977,3133.409198147701,537,0
82.34755875942872,0.3089754841301294,123.81271182530048,2830.4388603649804,2302,0
71.09976950782605,0.5847198131186923,138.82621161534968,3185.0305576344776,3849,0
50.65058650388419,0.912504983848629,99.34952192944921,2938.1336599501215,3261,1
50.57381841904576,0.2864934171491454,127.95854099893617,3228.9028049628923,4001,1
64.96322951064808,0.5048438913345517,156.1861269946622,2751.533987441011,4553,1
95.0353228793409,0.7824441110830859,115.63908209215252,2908.7155128102295,3345,1
66.10612972954593,0.48407172175085694,103.0473214276183,2505.021103723993,4651,1
47.45285570322841,0.5904743592499468,106.95822222813878,2982.496194996882,2923,0
66.31385403871084,0.28752129437062407,98.20733925315223,2594.4995681855776,4824,1
65.90914645378494,0.5856614194415297,104.30476183744594,2442.976774919003,3370,0
29.546700355876425,0.46257114699909024,112.58983802819942,3129.330573927694,585,0
69.18557700223282,0.6971459991359726,91.88865961642716,3106.36988792883,299,0
66.53598204686983,0.7374772103129502,120.31236667899206,3391.4368674742864,4566,1
80.44309547220128,1.0179127284037228,138.04554347573296,2784.4372152124506,2082,1
97.73434142418017,0.6159266346427151,101.8448763970616,3204.026423418378,1571,1
86.89847544321636,0.5651592633164333,150.38567847283537,3275.398786136832,4443,1
65.96666964167754,0.5388768603154672,130.2158417705519,3222.3869039157976,4983,1
53.40211136887495,0.42936674143786235,140.61161171248114,2587.173158598929,2411,0
108.60039704874791,0.5676967686923382,106.84330892295726,3074.6817411355946,3473,1
70.88827651021732,0.4409197179721941,137.0905045413323,3182.0701480273306,2178,0
70.2089393786942,0.5336921952539229,98.16132199209375,3003.589233453971,1621,0
69.63812369334995,0.763519507121592,137.80495001673017,1956.7611708144577,704,0
72.97127141151783,0.29869148694407177,123.43678679587063,3080.24481198674,3948,0
67.83459382114086,0.7279757122258091,131.0650243996957,4106.265519698622,3442,0
61.39506989679646,0.763423013467973,96.48810788750296,2819.9803656215086,1517,0
61.79711588139412,0.4763862946017843,102.09860315446791,2635.9614510723395,4697,1
69.50870094676003,0.07562902019828106,131.9445643650677,3186.6742798556993,3975,0
61.84862843299353,0.3784356025811135,101.03303991551599,3156.1891052332858,3033,0
59.30731325984254,0.7593989093122219,129.26412584198246,3596.3675827082075,648,0
71.59645341537845,0.49542638754022356,92.65724387079509,2371.065922045556,938,0
66.17534173868717,0.30013955354101785,136.96348425333338,3365.6901262874962,3915,0
92.55989482874033,0.3990450157543565,95.34953370462982,3295.211030625732,947,1
30.23545287410482,0.6681240053009107,131.04599875359048,2928.926731529727,4809,1
86.37260277883692,0.6093467136402758,132.51261867292,3169.343658960845,4607,1
88.69127788746444,0.4522135801660611,106.0645636314085,3514.7287407991785,4873,1
38.89914651387776,0.4266351176370624,131.64053134169453,3436.157690014225,4354,1
64.85968608879477,0.42164837019123563,125.20884526667112,2428.4903439631357,4568,1
64.42838701006313,0.3155179631002995,109.22316287614524,3410.079093377742,2372,0
48.88732457923268,0.8230751378938884,99.82890631847584,2967.6556974837413,3420,1
58.33274968613687,0.435535906157732,80.74748616654841,3036.437049007757,2658,0
53.34136231801257,0.7434317041650993,126.99300094599387,3036.598495500847,4798,1
96.28405665135433,0.8042632103844903,88.7039445727589,2924.87850560087,4411,1
84.03517589721191,0.6996621796295921,121.90688398882617,3595.8537485535326,2096,0
89.07332642491238,0.4136759374563903,114.73103567835501,2958.141020075394,3773,0
80.82508096064852,0.5807460180673218,133.5828555087639,2440.226935808416,1664,0
53.06422343174157,0.49516087872181674,113.95909001020271,2803.2350720151358,4118,1
62.132196005803394,0.3192596278539744,113.41104427305818,3089.3473584052376,1940,0
77.34061841841877,0.5648718563443206,134.6374140857659,3614.6073921485254,3391,0
51.66808286662082,0.2641920417680395,126.70116058168234,3301.547342474417,2987,0
80.69497645258582,0.7375358776923128,126.32311914365556,2574.732360626478,826,0
66.39511902762797,0.4070765405403214,129.3853517961705,4242.594958339446,1344,0
64.37768788675604,0.5402319311745679,89.28855753585789,3132.38765548899,3560,0
80.66439952305238,0.5566575743092285,135.13577359973965,3637.6953689995075,3818,0
76.6639496722906,0.4482190052591845,132.24937588027205,2924.1427832113854,1165,0
64.5855075127138,0.617338760295055,99.66633742847006,3266.679622352725,4871,1
87.38994705046372,0.4050192686754951,115.11839052651598,3419.7342522592025,382,0
53.78405008600154,0.6742594594914488,119.21385424744737,3609.097355877128,1181,0
79.23903410416396,0.23080406395065028,117.31006431196535,3528.6841526891126,3985,0
78.89651886952575,0.5252759159092824,126.67719933137069,3436.098500036489,2981,0
65.35680341029014,0.887785799811657,148.62733563662368,2842.456634402946,2684,1
74.89199533363177,0.29993373507888504,141.63533455345657,2714.1269790219694,3070,0
51.23329635422045,0.3644510058950297,93.75561613137188,3166.3037551620987,1252,0
83.86040528810352,0.602781569931783,132.44139980612098,3466.5640361705346,3597,0
67.22646795335517,0.5359163563879196,146.57866639070818,2888.6396496116963,1047,0
62.15915469221441,0.5701260198547119,127.73617041378405,3532.5859828571934,4860,1
85.73513838755333,0.5978374260295327,141.81960850371934,3726.30837274309,1817,0
59.43484464185861,0.6269442937123539,160.24540891401531,2541.83954046329,166,0
48.873080554546604,0.7219399683912446,140.47419092213963,2581.53964810186,736,0
46.65056239714144,0.5819637313857026,124.98617191283458,2929.812470547332,413,0
79.0901492701846,0.4517484690762915,140.90176948169506,3153.8063340945982,3497,0
50.793559712555755,0.6345147402405462,122.89775666193782,2737.7164931164743,664,0
96.32191272976547,0.879976386979043,120.4780608656991,3676.1013394335723,1701,1
38.77105888174417,0.4734732507234853,112.97171528572535,3212.0334307592257,925,0
95.44684552435058,0.3050941390658717,151.26826717664215,3019.72352412037,3770,1
73.16526200803928,0.7214161338573946,103.63142668115998,2282.045238065736,1125,0
68.54930332194411,0.47592376720928037,150.64735449356232,2342.0920917862463,2351,0
61.826213697865754,0.06546609079719275,129.99728247480743,3140.504625140903,4857,1
75.98704171528107,0.6694843354300843,92.01387650396117,1933.7021869225819,904,0
69.43547946362727,0.39293436280921545,127.35298585982844,3506.3187048220357,2551,0
86.54952823024783,0.48189334353916785,77.99946984696751,2920.92307781384,4731,1
71.71341472993059,0.566396066113803,132.51016033662071,4621.546484797366,1491,0
72.25452642192816,0.5380999359558133,137.7046296597798,4153.958125308055,1335,0
64.54581681679217,0.6418903634278079,108.15288088695893,2909.2754653762418,4132,1
69.14581564418398,0.41290272588603133,122.47095391911165,2946.8314987343424,3380,0
74.6170265333809,0.6026211596352166,159.08314867500573,3497.7907570010148,4823,1
44.34747411015062,0.44809066448321655,109.88506591476127,3851.586304959019,4944,1
49.77721866841431,0.6477620961775006,98.82184825886799,2180.9854712819915,3649,0
81.14896141034072,0.6230734968026107,149.63326804925197,2106.8122673226567,4300,1
72.56298157191912,0.31291225959108093,159.2517438106159,2688.982597222809,4241,1
67.24024995470981,0.7171964232350064,120.07391343695694,3291.3687915869323,1454,0
70.27650899598089,0.3928073109771904,140.22926070816712,3248.4367952537987,1936,0
75.21372558042506,0.661611559656229,146.82951831061763,3534.885727491925,2992,0
61.90360479535958,0.5734574626802681,105.15031534923232,2400.151235817346,2596,0
58.32542911896531,0.8676367353590245,110.29388329264263,1841.9280685155618,2683,1
72.93767882646522,0.4553068035256296,144.6174902630947,3429.007097651073,2658,0
55.32440833577452,0.4301366407763605,153.70028557417018,2585.901863517383,3718,0
76.12379133571707,0.4961160788224535,131.2576172034871,1990.7560678056811,1659,0
44.46124593643239,0.439364043433145,102.40371292995891,3072.531872979691,1607,0
85.43733455988466,0.65998838038841,159.74122223398882,3396.5878441093387,4171,1
77.08896223619564,0.1767378783126824,109.38058204376071,2938.9714339393613,2163,0
73.84044601470814,0.28926351617072915,113.29724437657096,2771.0758069087556,3742,0
84.74036475918271,0.28643941568416137,126.84675668979243,2920.3188839270465,2100,0
94.98211666693865,0.6900615183947152,151.08320841429548,2814.7086187996088,1394,1
85.21555097527195,0.8421226745163851,137.07951953104447,2325.9764440299164,4165,1
42.38688653002532,0.4791101562925057,128.29731000723822,2642.6596615047843,2852,0
50.806345498964475,0.46623565536199785,129.26577060236212,3260.6399525069073,1853,0
60.62772133456482,0.5140104326226362,120.87029337286933,3160.83927068825,4310,1
70.3913657531625,0.732375660521638,131.16279029037014,3084.02990298341,1703,0
77.76488530703685,0.3145293731618852,69.40879844611393,2502.4257590733105,1422,0
59.11384280269802,0.547673796546957,114.06785081860403,2909.2484189321663,2541,0
72.80150146715617,0.6950395259564859,124.82643869833562,1911.4674767785727,1198,0
58.66925601470016,0.600218833987969,96.97971832760986,3089.238331942695,1605,0
60.82723295512078,0.5379163233197487,127.7264663562312,3714.428853906784,1226,0
48.900083547276665,0.7002092185134282,115.91057558027757,2262.933933978947,396,0
56.151501308336435,-0.04064645859984747,155.1095139663098,2707.0361633411226,3149,0
49.724730915754996,0.6355750639061816,151.46039450429714,3164.5533893550646,2325,0
55.36190120534001,0.3691848633745152,110.68388861763674,3626.421317213742,4454,1
85.80462694911759,0.1338734206287086,116.9832457686661,2775.8876918499254,3887,0
55.759016667520854,0.6022405199049962,118.52104868783215,2653.8748353670517,2196,0
109.48573097256086,0.7747317090325916,110.96681047680755,2015.5384287919585,3709,1
77.39976851321333,0.4725102970744616,123.90049968056253,3051.719064654053,2308,0
72.77254185542311,0.6905749094405876,104.8343586222482,4021.038020071872,275,0
57.1246332972818,0.8224556515977292,97.38769330124947,3138.679230982338,2602,1
80.50464819113486,0.7629828907168095,132.45422447800536,2988.8605104081435,4099,1
61.365432606433394,0.8279929058742787,132.59059168443622,3161.041155383493,1767,1
71.83014721968043,0.6484254982143784,103.91368480680015,2994.453998025699,4471,1
108.40126807403192,0.5150867277803186,137.90710861525199,2593.492813869935,2645,1
68.55910150413025,0.17960683762056628,107.36844541669338,3411.6399578388528,775,0
87.23909989428513,0.45078750237401033,125.06330476075962,3112.880761555877,1923,0
59.45235362311169,0.33135068093676173,136.40688025224912,3008.8066259668285,1456,0
69.47517264254557,0.9341885434995628,119.32774870592574,2512.316986360875,3172,1
96.56200953453265,0.46482283751353265,129.0948182428227,3651.7539659673794,3359,1
60.595494133183486,0.5246409613568972,109.67140712224857,3332.351372666555,646,0
97.18672836995393,0.6102970752080935,116.07066833143806,2723.539581316349,2183,1
80.61627903183214,0.5087204892744908,115.88281138239319,3500.9124268409687,2140,0
61.56299836158598,0.8390102080861507,105.06843306919522,2751.2145808073965,4634,1
79.48611608583282,0.3754701276531096,116.46451673768436,2608.9982537444816,1852,0
84.58831674440094,0.5389214910474486,89.02763402272507,2620.1484412598566,1715,0
79.32714943325794,0.35150588286039036,110.1769250571579,2114.4657234559545,1949,0
46.446629201643155,0.23599549775585882,114.30249013260658,3235.7711902091028,2742,0
59.09294236262697,0.3776461818189429,114.8764049500924,2084.427560830825,1700,0
66.28722046672743,0.4925926405903176,115.17005108258442,2385.7780843671185,3496,0
68.8834985634993,0.414139555096548,118.76471600279743,1962.2059954607334,4502,1
79.31008146326018,0.3615158040252288,129.58883036172128,2956.9651536045535,3705,0
72.66551501399881,0.2187365072656332,137.49034148265045,2924.839769864064,3899,0
49.96983461934848,0.48337888547426106,107.00469546303466,2836.651893406818,718,0
75.70296776508945,0.19905592519379953,95.93598289221711,2478.711152664712,1232,0
79.15878617925735,0.6520111927379205,99.15911175513794,2413.88312328168,2215,0
78.3968567189656,0.5164879505869007,110.25594157610146,3232.184931773287,2439,0
86.21171088331933,0.20848970010701387,112.96157364366982,2724.724034145756,2839,0
82.50883231823356,0.4381581845900273,104.60007867605086,3158.1791607680725,4376,1
76.88770118842655,0.34956871888188334,94.07766671500211,2557.375656937889,1587,0
68.94751432812029,0.5638349020838361,110.87758345051624,3090.531371385541,1657,0
45.08558599726014,0.768090089204629,123.62853240227943,3651.639018658032,2213,0
76.44427328698879,0.12496550607085107,131.9005893167113,3293.0829001963916,1144,0
73.11531530744666,0.5230052158294834,108.85153893783358,2793.7930908917597,2531,0
74.0736825579306,0.4679734408866719,111.74004355713132,3128.5994851779637,1682,0
50.84877136269535,0.634268015290093,101.46603382305379,2879.6674127348933,1408,0
53.784151893876064,0.5426393256475378,119.37121659250447,3003.940092347364,701,0
85.79729279999356,0.3496061336522362,103.03142731618371,2837.194473925748,1720,0
69.40667269215018,0.4361892128666764,131.462556264824,2917.832397057304,4980,1
80.22251046058936,0.34079482863930216,84.28267016131778,3106.046676537088,4866,1
70.42477564195688,0.7152014277197197,112.80740655095076,2503.3206502090247,200,0
70.44634209243615,0.5042623297343884,126.02214678383484,2492.0605865050106,4371,1
84.07425708963997,0.8802381371506015,123.67669032645009,2305.7287230843945,337,1
62.25932907673939,0.48786783723707583,173.86067327960993,2199.8644477481453,4125,1
71.44181165411476,0.3583186466179074,126.99600049135815,2391.3586538897603,3018,0
63.065870669424356,0.19725712147743454,99.9189080631598,3079.731253402065,2642,0
63.482556588515266,0.13937206474881098,118.09071505821854,2553.606242254058,2103,0
65.36241814797042,0.18317281139890204,84.47507333067097,3256.8072321155482,1637,0
73.3320065745057,0.5534253302022967,118.38800501406479,3017.3568743762808,854,0
62.818770675047844,0.6017450046459868,103.33887885998483,2015.7478932809731,3468,0
88.83634188360281,0.1837618595935733,138.30780551120324,3327.487792110845,2358,0
56.580890466707444,0.6790076628152231,109.00919450808931,3405.399322795855,3765,0
67.19692533757961,0.4033877896633121,117.66468168409507,2503.0686625825733,4335,1
63.40403412588738,0.5293586023971099,107.28884317191194,3210.0957714474957,640,0
91.704668265306,0.8224441256510849,154.77702703706663,2571.7508812954006,369,1
72.94832164767362,0.6793678631731064,113.57514467764176,3048.8351883741675,3560,0
85.47766809202952,0.44629387041883356,156.65114086958403,2367.7507965225172,3508,0
47.71659440444542,0.3217615549169425,136.28303524236534,2103.446773732712,605,0
74.00575398803888,0.06963691973413899,129.64133454670772,2808.5914051935156,1229,0
83.34446193435156,0.35616933615151597,127.3746629463504,2938.135526862582,2179,0
71.23425983913137,0.4577739522344611,127.87594596432503,2801.160153192698,3245,0
85.98220562598027,0.30256409456976324,81.4465484130878,2407.9847208887204,3342,0
62.24067324849442,0.47374860658153906,114.42233211698488,2800.0504689344316,461,0
91.1402116027837,0.5153703765917537,136.90315942368642,3134.647376290367,3820,1
104.48347185428875,0.45502880363838427,119.02205633051788,2977.5534849387313,1556,1
64.55742159340511,0.36999948383530806,91.8962030639285,3091.250515299607,4167,1
63.31746217898842,0.5337309343933455,118.9519109884506,2664.9423997728836,4295,1
91.80076715676552,0.5883881299138818,154.08211032510982,3585.85895735808,1781,1
93.69358218596068,0.2819201845114308,144.9378343106944,2411.9133317226097,1152,1
62.15709959270097,0.7821864759492541,118.75991981267937,3243.7801485433592,2609,0
63.697197743562135,0.4802823735431477,139.02898554116175,3590.9455464799807,4827,1
65.7732308670924,0.5037699245889695,112.66985959263896,3240.454046374448,781,0
49.833242334485846,0.6416428846513115,85.92256826346562,2898.737886467585,4032,1
56.220220802737025,0.5466432262527003,101.5106802374089,2735.8514766685107,2229,0
54.93788849871898,0.690627326782649,151.25777537016396,3518.043825523128,4949,1
58.483036523438074,0.5574248330403648,114.52013836341392,2288.5125373691635,4116,1
69.47972668919829,0.3775125250719124,115.13232041249964,2514.937869810178,3402,0
73.5132209880478,0.5723007050412203,114.00323607450238,2801.2211172541392,819,0
93.25750739221115,0.2712547585358676,158.08273179146013,3618.826878755999,174,1
55.024689388918134,0.5217119411553046,152.51917830724128,3189.883818020448,1393,0
84.76483597714876,0.49335400187110784,164.37560466896267,2515.9771207448775,2022,0
66.79016733661737,0.45837662854549205,116.81909579199898,2844.846147307548,4257,1
69.2580443552135,0.4742924977122138,125.9124897749419,2692.8384279518527,419,0
80.12229238249905,0.12363019090047216,89.66714901158417,2645.1055038832324,2249,0
53.15916967656552,0.3902550184518077,149.53868852236548,3489.4447792783894,1552,0
75.73614619276076,0.518568980228223,96.6444089746413,2314.128435368247,1655,0
72.49678312319584,0.5319712783994801,124.33551127525259,3804.3904278671866,4307,1
77.38676896012223,0.29446497181480835,98.05394944734311,3414.1148450923115,3132,0
74.33752965861727,0.7531415681729401,108.22266346522608,3545.430835301849,560,0
106.82950209866341,0.32676503035709986,103.254751379006,2768.530243987371,986,1
60.43390023623026,0.6938914401053473,107.84249478648364,2925.029640460445,3633,0
62.035045674972736,0.585438872374337,109.21754593702043,2283.424092737644,4036,1
60.65289210362853,0.3707545380312394,109.03462410149845,2737.6687964665985,1215,0
61.66784321259618,0.8550621785219024,136.66667823560616,3246.8274238215754,1175,1
60.439193090402235,0.26127263364870396,97.9027441387496,3648.031530890698,3976,0
87.83524796661328,0.6838308347220003,124.41082854027734,2446.4215915987743,4715,1
91.30756371984782,0.7001164636085957,144.35918304611116,2817.247031507367,2024,1
61.438805593757856,0.365875958184671,109.73607270973208,2924.350389883739,1026,0
57.51466640343657,0.7784930600128658,105.64162218504796,2302.1053989037573,4752,1
77.07123334579606,0.44999069708020945,115.38950749639498,3295.6746208792,2381,0
61.71665433578543,0.5577387258559714,143.5945041672142,2638.0048341286956,1155,0
79.49397726633266,0.5520643677542442,123.88215261906716,2902.304824411488,4774,1
73.04384531276949,0.4731382517058904,109.37571410784803,2774.0253140440614,641,0
47.26383827504152,0.6621616546319564,129.6775330237608,2605.3307471401627,2261,0
93.21257801995093,0.6586977441104426,97.95415700327153,2996.4775072597226,2351,1
96.93816509643283,0.15029360535236383,133.62719020885896,2892.1952107159887,1152,1
60.80816964273421,0.7608680485756305,128.17214615403535,2814.071058860667,4669,1
64.18447660096024,0.16750160239286513,113.84383057722232,2635.769189159829,2844,0
74.28798086087357,0.7065092408683314,103.22828403105538,3159.762335391478,3969,0
75.01685184980538,0.7253410273655166,102.26638155433085,3826.8086342461424,4581,1
79.87816409009245,0.28180671395696033,130.6963467269182,3069.9436164195636,4257,1
100.15306808149525,0.41783714240908304,144.57961004978125,3498.0591074555646,4710,1
67.34579158758926,0.2788590663028128,107.2538450594241,2304.8890374232687,4625,1
58.02554133192319,0.45701579394225295,129.16773407102968,3078.8807196468847,4775,1
49.31021157978209,0.4383931431628518,78.25945962795862,2451.315840514467,1660,0
59.036049400871214,0.655932106453868,108.30764538685601,2261.537536234049,3862,0
69.50309540689304,0.7620617492239218,119.37882134258196,2630.314296270482,1264,0
96.91836795276681,0.7791367621579913,101.80633166036333,3595.949667206786,2822,1
62.235830514457426,0.38756639468433957,101.26987250420808,3475.007914334823,2458,0
73.35681927458347,0.45815562525109443,106.64440887062229,3121.5023610271996,570,0
69.75365655890872,0.16331236155580997,125.84385456652747,2233.649720055035,1516,0
87.82589910172126,0.33882598670076225,116.2534196318725,2901.8596743060316,1568,0
107.90398638810433,0.6929703266194915,75.23537533350056,3150.850004450868,908,1
62.03696840619519,0.8231165647096463,77.58599694729868,3087.768114789299,271,1
62.658408362226666,0.2531302256240156,107.8626964428565,2078.103208259627,4226,1
85.66241315603608,0.38150714816942116,129.15373172107104,2554.841075990064,4242,1
80.22837234439467,0.4947188486082146,65.0499031454953,2967.9611179256417,4325,1
97.70060988604051,0.5560322317639212,110.00539647696739,3268.145454758595,2499,1
78.75892277988946,0.33807929601567077,109.47504286965157,1901.9360894500269,1745,0
64.61061863819411,0.5848122088928179,147.76675556416896,2918.938012260071,157,0
78.85982246038463,0.40523213058581675,112.29956376574273,3071.524384939476,1229,0
86.63055370874362,0.4971095458243442,127.65977969481857,3424.8059942581067,1453,0
82.30723271796046,0.6092568496007399,122.82514280174927,3346.4287921187183,867,0
77.60911046660947,0.5012844539621876,77.38867040385598,3291.2856594044024,3995,0
86.00012034383731,0.4127228218946863,135.36414433263474,2600.029746649033,782,0
87.5394338566851,0.4780780392148338,124.30793010912576,2045.9989314383463,3554,0
90.7323848655629,0.48232740815893294,130.1653727934918,2803.4736214692994,2108,1
79.73064831384464,0.4259977940235744,198.52475412872653,3500.81591260428,3242,0
67.49322879524719,0.4482407874665795,78.31774121002823,3696.727263762216,1890,0
72.20070529649985,0.8197294341009435,154.49393299522217,3355.274551148893,1577,1
88.09763449762535,0.6121838895882478,114.25104961199288,3214.670411400867,985,0
57.74596493519146,0.4409039363941679,125.74657808806019,3189.8198241929827,4006,1
75.53009963309351,0.6393908809021471,119.08975509397516,2721.9406266196097,4592,1
64.09991781508958,0.43323610204879803,111.51527333203913,2934.96985322319,1638,0
70.43117234402226,0.7346249275173283,108.60334143522483,3834.5347629131657,2173,0
89.17677793910948,0.5739284384396188,126.59017471146018,2528.7209971040616,412,0
72.86648602029855,0.47853957119915425,89.65652606656641,3807.389395354926,910,0
70.69654822234223,0.5895433851620555,135.0115833504353,2838.985922753971,2335,0
49.60215788530121,0.18582476958630012,111.67611190229492,3662.7160545475394,2957,0
81.19380349040831,0.27464650621803893,97.39861321919284,2296.592495251231,2863,0
79.68226271711613,0.2612149987201889,110.99974284008373,3292.9521005823244,2132,0
102.4488208495819,0.5285886189527413,145.14298433725145,2631.614932026189,1607,1
65.38332647570499,0.8465029998970184,109.29329825967554,2292.3664040379062,4645,1
73.28725491495908,0.9462600292385265,127.1690723641924,3109.2670212054727,2670,1
73.74075525566133,0.6276102202881514,105.38087448569054,3504.7358942979845,1994,0
93.66179919645212,0.6001688949888914,135.15843699847238,2577.529280703252,2805,1
68.57056701419572,0.13978845316945218,133.71015477580409,2250.4920197707993,696,0
74.18532288655508,0.39146524005319566,156.97217666592823,2954.0776178325223,2247,0
79.11844764574809,0.3424432496183522,116.48872109001569,2956.2823356114095,715,0
72.79913684734537,0.3758304803497768,133.37309609515813,3274.1598137772494,1047,0
63.30349578174208,0.4663712362830421,121.9613507907789,3474.797285682244,4751,1
72.91134989347461,0.4055818844605746,145.9174356372603,2970.292409363753,4473,1
86.10447624789659,0.10414003792484243,105.6233522478254,3927.7516573971316,3864,0
54.602270508834096,0.6495820512235068,134.90010625754562,3112.117372267646,2113,0
71.99454511220314,0.2854513948520387,116.10605407766637,2826.7867469965504,3797,0
59.4981877759124,0.5478493728222299,118.71623645783005,2194.216320448586,590,0
87.92569943387264,0.9148165339499947,121.83504968896746,2868.670239841916,4450,1
47.15219642824338,0.3161230816827153,125.04480792853354,2831.806527294432,2528,0
61.61617229092617,-0.006057504549265975,117.67541913756084,3480.1523981407354,641,0
75.65817812596781,0.4427991556239778,124.29426366341052,3231.241812033427,1387,0
93.4828604385151,0.7201919269997142,151.5623611512437,2410.3154391836915,1733,1
69.01374608390519,0.8916694908441188,139.70899371230436,3086.127193205519,3026,1
61.67200709960203,0.25409008110951664,137.38309184993793,3335.7655858645267,1452,0
98.21735604160885,0.5993398446473044,110.88920947952259,3764.0156796939164,4476,1
48.27979149375634,0.4069379086439893,102.21518343543352,3443.7519837070295,1398,0
37.017910650698774,0.4788103291391729,139.10601116475507,3380.423327155739,4968,1
76.60021675079999,1.028868669403407,137.5209358505959,3030.042997307582,4067,1
62.46918663471083,0.19940593432096934,149.45341351501963,3194.156002711725,4523,1
54.681507743039305,0.5507479322989147,107.9203874806154,3624.7524503530794,2358,0
80.6253467094903,0.5935386343530866,115.40902689279307,2333.611301260175,4747,1
73.65701070656799,0.7171572649878695,87.21031674949131,2825.280336391522,2173,0
61.538820538949075,0.519596630694179,112.15057787878254,2613.7156256218796,801,0
50.795434019936586,0.5616101079008204,139.93141021158894,3189.576559363062,2019,0
83.08685992420217,0.4216702865156418,110.67009241543605,3615.111087825394,2560,0
79.75301766937991,0.5538253882490215,132.80959590401648,2701.5128566394633,4362,1
68.51236204330925,0.4313615449005179,116.18993788004377,1804.847816265281,4364,1
97.69955494071499,0.6243143779712101,126.48114056443121,2793.8896274877648,4424,1
53.94872850510771,0.4260779327912732,97.04617220368665,3456.736866008703,466,0
47.117122436128916,0.5754200787804373,121.70418899267803,3268.81495147494,627,0
59.62137895178133,0.4941474372630043,60.177280581985535,3214.093123905288,4986,1
69.31620975466754,0.7252100501544336,116.2620768367603,2860.00334906276,3818,0
73.65009173984038,0.48972125528230276,87.3905351256972,2360.484631890107,3709,0
66.38145913215506,0.1453935063586237,144.11989033093633,3257.647160812234,4035,1
75.28083094771445,0.7523843001427983,135.54814705529023,2582.8590949826876,4719,1
51.22690863714334,0.3188535398274762,129.33341963932162,4092.0483666902282,2253,0
91.65646906109889,0.369246732270236,150.4201245431876,3285.253604177258,2008,1
68.76773232411146,0.38086774119130157,101.02166958350325,2709.6758487230245,3112,0
86.75943747382192,0.7748876186341634,154.94726395831117,2694.307376305686,4328,1
75.14088019566556,0.07286515720426079,138.64383128520768,2953.527896693206,3122,0
76.85129828730676,1.127549706731999,115.26889425562108,2880.249038989125,3583,1
78.54650920348305,0.7112113618132104,142.71240294365887,3558.416887764977,2820,0
76.71562840025972,0.5446477828258319,97.87412975176731,3093.208084872023,1870,0
79.64084139801317,0.4890211998767427,103.50971676944653,2634.184130545736,4213,1
89.93728795198648,0.5571108149715314,107.828205535206,3945.220342577891,1877,0
72.94781754552206,0.6042244856758677,109.4204458387197,3024.6541657601115,4312,1
80.63505636382769,0.6290431171900115,98.86884714479494,3384.4198379844483,897,0
68.6539645856916,0.6111208932006897,144.4616613419065,2695.88674627762,3315,0
91.6017582317421,0.5179161362510498,114.82291199260337,3181.5578138722617,3888,1
59.85411546911095,0.4605323159385348,127.05009936713759,3155.554995571598,3076,0
97.01410649366224,0.4697453432692977,108.59297267172639,2055.1753539519236,3837,1
69.39763074033485,0.4610183439294638,83.58793398902965,4007.6375552303202,1811,0
48.53837346822928,0.7267540193734129,125.40114716782844,3645.3222304612736,852,0
71.92156622366184,0.6187113444561724,81.75490049160446,2801.402341927006,2569,0
59.78422513787679,-0.08807772693285608,118.62731907829063,2448.865129772072,4069,1
82.60965323483086,0.6311801553059522,92.6336992233438,3173.780806901776,1492,0
60.210640310464136,0.538947238943755,159.74551998461615,3043.3488497071985,2705,0
63.307248501778304,0.4962582487108205,138.22725444349445,3177.834474281615,777,0
41.65688903581704,0.42229630938222285,122.11507582542961,3095.7886980970447,205,0
63.21540521126385,0.7248225439972027,145.27413355309338,3253.120494652963,3387,0
33.64181010056565,0.6895052924245716,103.07368045068529,3723.652849695903,4853,1
46.24145764771415,0.3454244664352782,130.86958757340187,3284.051602564323,2046,0
81.40621984216446,0.581410457424907,123.99620867437427,2475.1722505450293,1195,0
81.78700237976248,0.3056686530917428,125.2804016266734,3681.281426356226,1882,0
76.38186342677447,0.22407636704221393,145.44707000213535,3820.3072817441434,4641,1
55.495357853061805,0.37465655508200696,134.64984205559605,4576.028367256043,3357,0
69.2843296578703,0.6724786944765517,125.77447325650047,2438.252983380201,2097,0
69.94596191364147,0.6906250090752173,86.90225127543408,3121.4410065751376,4969,1
52.62452966211187,0.6026170840194586,100.79907409441073,1958.9506484055062,1661,0
92.55097452650726,0.6450191573695995,117.54582132808552,3276.5745781896044,4106,1
83.16043435863507,0.6032356574229917,121.86744748553302,2725.8998509166136,1775,0
66.68553739255503,0.37170368095540957,97.39592550652152,3961.7228974124764,1222,0
70.40328758491796,0.5863845089347881,168.23353351156842,2612.6925149907092,4081,1
73.12574211921329,0.6600819050455365,150.32788110507147,2155.408481016369,1401,0
39.37397697363564,0.6508582659627149,132.04236640784967,2764.3681296487403,1043,0
66.29233926219105,0.7377826742949286,121.4407372256749,2012.2561143914313,4650,1
59.770236280033025,0.6416607694402128,115.75582060197695,3375.549727253655,1045,0
54.975699851576266,0.5702896415083166,100.9616307995553,1967.4584768718398,700,0
65.78349560671067,0.7140300476632855,121.54961037037725,3014.2287905915796,2800,0
96.96529790274283,0.49469574815018796,125.15505080285502,1961.0940900719015,4920,1
79.61264291900515,0.3236250697544564,95.16478849036751,2839.851097731679,1517,0
61.432315153258045,0.4673866072112472,126.68352834489795,3821.689077902267,1624,0
78.58874172034238,0.3510194710387102,116.89481902350502,3180.3239457178975,3866,0
